                  epoch,         train/box_loss,         train/seg_loss,         train/cls_loss,         train/dfl_loss,   metrics/precision(B),      metrics/recall(B),       metrics/mAP50(B),    metrics/mAP50-95(B),   metrics/precision(M),      metrics/recall(M),       metrics/mAP50(M),    metrics/mAP50-95(M),           val/box_loss,           val/seg_loss,           val/cls_loss,           val/dfl_loss,                 lr/pg0,                 lr/pg1,                 lr/pg2
                      1,                0.88941,                 2.6169,                 3.0256,                 1.2793,                0.00831,                   0.75,                0.51166,                0.32195,                0.00881,                0.79545,                0.51935,                0.32096,                0.74937,                 1.5116,                 3.2699,                 1.2377,             0.00010002,             0.00010002,             0.00010002
                      2,                0.69226,                 1.3915,                 2.4575,                 1.1179,                0.00887,                   0.75,                0.60055,                0.41588,                0.00887,                   0.75,                0.60855,                0.41757,                0.83641,                 1.9689,                 3.0802,                 1.3378,             0.00021564,             0.00021564,             0.00021564
                      3,                 0.7464,                 1.4022,                 1.7099,                 1.1768,                0.86881,                0.45167,                0.59532,                0.43361,                0.95627,                0.49712,                0.64447,                0.46019,                0.99709,                 2.1187,                 2.6759,                 1.4793,              0.0003301,              0.0003301,              0.0003301
                      4,                0.62718,                 1.0755,                  1.387,                 1.0582,                0.82694,                0.32608,                0.52843,                0.39902,                0.82694,                0.32608,                 0.5306,                0.41891,                 1.0385,                 2.0739,                 2.7381,                 1.5668,             0.00044341,             0.00044341,             0.00044341
                      5,                0.64741,                 1.0534,                 1.3698,                 1.0859,                0.60776,                0.49315,                0.48469,                0.20955,                0.72163,                0.45455,                0.50382,                0.27508,                 1.4871,                 2.6827,                 2.9023,                 2.1543,             0.00055556,             0.00055556,             0.00055556
                      6,                0.72536,                 1.0496,                 1.3843,                 1.1134,                0.69569,                0.43182,                0.50104,                0.29547,                0.77026,                0.45455,                0.53541,                0.35424,                 1.5022,                 3.4747,                 2.6475,                  2.231,             0.00066655,             0.00066655,             0.00066655
                      7,                 0.7496,                 1.2702,                 1.3947,                 1.1256,                0.56204,                0.40909,                0.40342,                 0.1845,                0.62541,                0.36364,                0.36807,                0.17489,                 1.8331,                 4.4609,                 3.0531,                 2.7675,              0.0007764,              0.0007764,              0.0007764
                      8,                0.73538,                 1.1379,                  1.325,                 1.1122,                0.52878,                0.45455,                0.38789,                0.17733,                0.58217,                    0.5,                 0.4432,                0.28103,                 1.6323,                 3.3445,                 2.9824,                 2.3647,             0.00088508,             0.00088508,             0.00088508
                      9,                0.71613,                 1.2552,                 1.2333,                 1.0869,                0.58752,                    0.5,                0.49331,                0.24276,                0.57774,                0.59091,                0.52842,                0.30543,                 1.7043,                 3.6768,                 3.0414,                 2.4644,             0.00099261,             0.00099261,             0.00099261
                     10,                0.71907,                 1.0984,                  1.183,                 1.1219,                0.54615,                0.45455,                0.43285,                0.23265,                0.54615,                0.45455,                 0.4405,                0.27117,                 1.6119,                 4.2888,                 3.1538,                  2.413,               0.001099,               0.001099,               0.001099
                     11,                0.72295,                 1.1777,                 1.2018,                 1.1361,                0.60734,                    0.5,                0.48737,                0.25454,                0.64729,                 0.4589,                0.43674,                0.25587,                 1.5958,                 4.4702,                 2.7749,                 2.2732,              0.0012042,              0.0012042,              0.0012042
                     12,                0.76984,                 1.2637,                 1.2953,                 1.1553,                0.57628,                0.54545,                0.53732,                0.29609,                0.65387,                0.40909,                0.45284,                0.20639,                 1.4619,                 6.0176,                 2.6636,                 2.2176,              0.0013083,              0.0013083,              0.0013083
                     13,                0.76058,                 1.2776,                   1.29,                 1.1434,                0.66928,                0.61364,                0.54027,                0.32114,                0.61882,                0.56818,                0.51413,                0.26325,                 1.4848,                 4.8483,                 2.4302,                 2.3115,              0.0014112,              0.0014112,              0.0014112
                     14,                0.81873,                 1.2419,                 1.2418,                 1.1523,                0.65298,                0.56818,                0.53003,                0.25091,                 0.6539,                0.54545,                0.49514,                0.26462,                 1.5579,                 3.3746,                 2.7979,                 2.2161,              0.0015129,              0.0015129,              0.0015129
                     15,                0.84827,                 1.2662,                 1.2152,                 1.1836,                0.69018,                0.50642,                0.50323,                0.29382,                0.68161,                    0.5,                0.50052,                0.26349,                  1.487,                 3.8764,                 2.8213,                  2.139,              0.0015515,              0.0015515,              0.0015515
                     16,                0.82017,                 1.3042,                   1.22,                 1.1765,                0.80759,                0.34091,                0.44072,                0.30347,                0.90586,                0.38636,                0.47461,                0.27002,                  1.341,                 4.0891,                 3.0486,                 2.0292,              0.0015515,              0.0015515,              0.0015515
                     17,                 0.7663,                 1.2349,                 1.1879,                 1.1716,                0.58802,                0.48674,                0.49669,                0.30547,                0.65322,                0.47105,                0.48649,                0.27006,                   1.55,                 4.8464,                 3.3181,                 2.4094,              0.0015432,              0.0015432,              0.0015432
                     18,                0.83835,                 1.1993,                 1.2226,                 1.1591,                0.59284,                0.43024,                0.44236,                0.24185,                0.53815,                0.42387,                0.40288,                 0.1598,                  1.684,                 6.4846,                 3.4965,                 2.6159,               0.001535,               0.001535,               0.001535
                     19,                0.78143,                 1.2498,                  1.138,                 1.1226,                0.63212,                0.40909,                0.45475,                0.23966,                0.61134,                0.38636,                0.42006,                0.18709,                 1.7047,                 5.0992,                 3.7098,                 2.5573,              0.0015267,              0.0015267,              0.0015267
                     20,                0.83723,                 1.2361,                 1.1408,                 1.1677,                0.73028,                0.34091,                0.40648,                0.20716,                0.73654,                0.38636,                0.39437,                0.21047,                 1.7254,                 4.9973,                 2.7074,                 2.4278,              0.0015185,              0.0015185,              0.0015185
                     21,                 0.7744,                   1.27,                 1.1782,                 1.1692,                0.44775,                0.38636,                0.35342,                0.19372,                0.61412,                   0.25,                0.28494,                0.16015,                 1.6857,                  5.491,                 2.6427,                 2.2321,              0.0015102,              0.0015102,              0.0015102
                     22,                0.76363,                 1.1664,                 1.0503,                 1.1378,                0.23828,                0.43182,                0.28379,                0.15076,                0.37339,                0.18182,                0.11604,                0.04627,                 1.8343,                 7.2428,                 2.6807,                 2.2893,               0.001502,               0.001502,               0.001502
                     23,                0.80381,                 1.2395,                 1.1552,                 1.1443,                0.67357,                0.34091,                0.36134,                 0.1676,                0.67357,                0.34091,                0.33107,                0.17857,                   1.95,                 4.1623,                 2.9726,                 2.5418,              0.0014937,              0.0014937,              0.0014937
                     24,                0.75169,                 1.0672,                0.96932,                 1.1171,                0.73928,                0.52273,                0.56637,                0.27662,                0.70424,                    0.5,                0.51492,                0.32872,                  1.578,                 3.6719,                 2.9689,                 2.3198,              0.0014855,              0.0014855,              0.0014855
                     25,                0.74602,                 1.0173,                0.99631,                 1.1496,                0.68504,                    0.5,                0.53508,                0.31826,                 0.7202,                0.52273,                0.57112,                0.34761,                  1.523,                 3.5516,                 2.5911,                  2.259,              0.0014772,              0.0014772,              0.0014772
                     26,                0.75295,                 1.0187,                0.99425,                 1.1175,                0.65898,                0.48323,                0.43191,                0.25552,                0.74021,                0.58294,                0.55548,                0.29529,                 1.6206,                 3.8889,                 2.5084,                 2.3274,               0.001469,               0.001469,               0.001469
                     27,                0.73393,                 1.1438,                0.96927,                 1.1099,                0.60516,                    0.5,                 0.4788,                0.30883,                0.55011,                0.55594,                0.46549,                0.25931,                 1.5763,                 3.9801,                 2.3263,                 2.1011,              0.0014607,              0.0014607,              0.0014607
                     28,                0.71366,                 1.0946,                0.91972,                 1.1014,                0.75687,                0.59091,                0.60148,                0.43113,                0.75687,                0.59091,                0.61645,                0.42529,                 1.2916,                 3.1842,                 2.1708,                 1.7645,              0.0014525,              0.0014525,              0.0014525
                     29,                 0.7345,                 1.0839,                0.96364,                 1.1017,                0.65667,                0.59091,                0.57765,                0.35872,                0.87865,                0.54545,                0.58285,                0.38826,                 1.4042,                 3.2231,                 2.1072,                 1.9108,              0.0014442,              0.0014442,              0.0014442
                     30,                0.75536,                 1.1834,                0.92687,                 1.1198,                 0.6081,                0.56818,                0.53426,                0.33099,                0.61433,                0.59091,                0.54265,                0.36099,                 1.5068,                 3.2635,                  2.175,                 2.1094,               0.001436,               0.001436,               0.001436
                     31,                0.76497,                 1.1402,                0.91697,                 1.1412,                0.73316,                0.59091,                  0.567,                0.36226,                0.69433,                0.56818,                0.55916,                0.31436,                 1.2873,                   3.45,                 2.0814,                 1.8751,              0.0014277,              0.0014277,              0.0014277
                     32,                0.63757,                0.93637,                0.85126,                 1.0472,                0.62259,                0.56249,                0.54056,                0.33897,                 0.8033,                0.54545,                0.57124,                0.29901,                 1.3616,                 3.6846,                 2.2281,                 1.9808,              0.0014195,              0.0014195,              0.0014195
                     33,                0.70603,                 1.0506,                0.91256,                 1.1423,                0.64463,                0.54545,                0.55147,                0.31855,                0.73578,                0.56818,                0.58294,                0.34013,                 1.4101,                 3.3792,                 2.2795,                 2.0572,              0.0014112,              0.0014112,              0.0014112
                     34,                 0.7493,                 1.0904,                0.90698,                 1.1057,                0.65113,                0.38636,                0.42857,                0.21561,                0.77891,                0.43182,                0.54411,                0.29906,                 1.6461,                 2.7115,                 2.9119,                 2.1051,              0.0014029,              0.0014029,              0.0014029
                     35,                0.68134,                0.93775,                0.90542,                 1.0879,                0.89073,                0.45455,                0.54889,                0.23384,                0.82949,                0.43182,                0.51202,                0.25252,                 1.7124,                 2.8101,                 3.0077,                 2.2794,              0.0013947,              0.0013947,              0.0013947
                     36,                0.69938,                 1.1684,                0.86978,                 1.0501,                0.56634,                0.47727,                0.47285,                0.26333,                0.56481,                0.43182,                 0.4442,                0.25931,                 1.6692,                 2.8951,                 2.4809,                 2.3071,              0.0013864,              0.0013864,              0.0013864
                     37,                 0.6633,                 1.0435,                 0.8463,                 1.0837,                0.70993,                0.45455,                0.48245,                0.26252,                0.70012,                0.45455,                0.48357,                 0.2799,                  1.571,                 2.6218,                 2.3981,                 2.1798,              0.0013782,              0.0013782,              0.0013782
                     38,                0.66091,                0.99102,                0.80514,                 1.0754,                0.76723,                0.44962,                0.45955,                0.28044,                0.89524,                0.52273,                0.56816,                0.32422,                 1.5673,                 2.2832,                 2.4023,                 2.0977,              0.0013699,              0.0013699,              0.0013699
                     39,                0.67871,                 1.1416,                0.81289,                 1.0685,                0.76719,                0.47727,                 0.4692,                0.29288,                 0.8405,                0.52273,                0.57553,                0.31445,                  1.637,                 2.6178,                 2.2713,                  2.141,              0.0013617,              0.0013617,              0.0013617
                     40,                0.68136,                0.96292,                0.84601,                 1.0797,                0.50282,                0.45455,                0.41866,                 0.2353,                0.68367,                0.36364,                0.42704,                0.20502,                 1.6744,                 3.5889,                 2.9338,                  2.177,              0.0013534,              0.0013534,              0.0013534
                     41,                0.67904,                 1.1867,                0.82752,                 1.0728,                0.58707,                0.43182,                0.39469,                0.24938,                0.65595,                0.47727,                 0.4508,                0.22247,                 1.6324,                 3.7065,                  2.778,                 2.1551,              0.0013452,              0.0013452,              0.0013452
                     42,                0.64957,                 1.0648,                0.78171,                 1.0565,                0.86503,                0.61364,                0.63172,                0.37113,                0.83245,                0.59091,                0.59266,                0.33869,                 1.5162,                 2.8706,                 1.9475,                 2.0191,              0.0013369,              0.0013369,              0.0013369
                     43,                0.60821,                0.93841,                0.73929,                 1.0345,                 0.8108,                0.59091,                0.61564,                0.37053,                 0.8108,                0.59091,                0.62418,                0.35223,                  1.339,                 3.0241,                 1.6536,                 1.8331,              0.0013287,              0.0013287,              0.0013287
                     44,                0.63617,                0.98754,                0.76724,                 1.0277,                0.85089,                0.64864,                0.66252,                0.39372,                0.81165,                0.59091,                0.60414,                 0.3665,                 1.2583,                 3.1431,                 1.6082,                 1.6923,              0.0013204,              0.0013204,              0.0013204
                     45,                   0.64,                 1.0009,                0.76334,                 1.0626,                0.86678,                0.65909,                0.67346,                0.43805,                 0.8369,                0.63636,                 0.6597,                0.40186,                 1.1956,                 2.8028,                 1.5116,                 1.6658,              0.0013122,              0.0013122,              0.0013122
                     46,                0.62241,                0.87822,                0.75936,                 1.0632,                0.92291,                0.63636,                 0.6923,                0.44998,                0.89815,                0.60142,                0.68529,                0.43387,                 1.2036,                 2.3462,                 1.5162,                  1.639,              0.0013039,              0.0013039,              0.0013039
                     47,                 0.6914,                0.99217,                0.80624,                 1.0883,                0.79068,                0.65909,                0.68031,                0.43366,                0.87333,                0.59091,                0.67793,                0.43876,                 1.2309,                 2.2489,                 1.7758,                 1.7218,              0.0012957,              0.0012957,              0.0012957
                     48,                0.58909,                0.83932,                0.71098,                 1.0232,                0.78136,                0.63636,                 0.6316,                0.38396,                0.86657,                0.65909,                0.65934,                0.40026,                 1.4132,                 2.2214,                 1.8729,                 1.9763,              0.0012874,              0.0012874,              0.0012874
                     49,                0.62111,                0.87493,                0.76901,                 1.0629,                0.86968,                0.68182,                0.67956,                0.42849,                0.84701,                0.65909,                 0.6609,                0.43962,                 1.2563,                 2.0296,                 1.6693,                 1.7395,              0.0012792,              0.0012792,              0.0012792
                     50,                 0.6209,                 0.8834,                0.73609,                 1.0483,                0.66114,                 0.5766,                0.57718,                0.37258,                0.68881,                0.61364,                0.56885,                0.34706,                 1.2467,                 2.1431,                 1.8466,                 1.5986,              0.0012709,              0.0012709,              0.0012709
                     51,                0.62208,                  0.909,                0.75182,                 1.0515,                0.63766,                0.68182,                0.62862,                0.41518,                0.61997,                0.68182,                0.62293,                0.39647,                 1.3106,                  2.196,                 1.6541,                 1.7357,              0.0012627,              0.0012627,              0.0012627
                     52,                0.63416,                0.95076,                0.72415,                 1.0641,                 0.8537,                0.61364,                 0.6626,                0.43928,                0.87821,                0.65561,                0.66452,                0.42724,                 1.3459,                 2.2328,                 1.7055,                 1.9716,              0.0012544,              0.0012544,              0.0012544
                     53,                0.60411,                 0.9296,                0.70002,                 1.0265,                0.80964,                0.56818,                0.63359,                  0.388,                0.84289,                0.59091,                0.64201,                0.40347,                 1.3703,                 2.2411,                 1.6746,                 1.9714,              0.0012462,              0.0012462,              0.0012462
                     54,                0.57323,                0.82411,                0.68998,                0.99338,                0.77125,                0.52273,                0.57342,                0.36166,                0.77832,                    0.5,                0.53249,                0.31064,                 1.3457,                 3.0582,                 1.7639,                  1.925,              0.0012379,              0.0012379,              0.0012379
                     55,                0.68427,                0.96491,                0.71086,                 1.0616,                0.91716,                0.54545,                0.60273,                0.36137,                0.91716,                0.54545,                0.60133,                0.39345,                 1.3678,                  2.092,                 1.7524,                 1.8231,              0.0012297,              0.0012297,              0.0012297
                     56,                0.60483,                0.92264,                0.70159,                 1.0185,                0.83787,                0.61364,                0.60694,                0.40134,                0.86941,                0.63636,                0.63359,                 0.4083,                  1.285,                 2.5098,                 1.6551,                 1.7816,              0.0012214,              0.0012214,              0.0012214
                     57,                 0.5408,                0.84209,                 0.6569,                 1.0129,                0.83402,                0.61364,                0.62248,                0.42619,                0.87455,                0.63636,                0.65159,                0.41753,                 1.2231,                 2.8214,                 1.5076,                 1.7384,              0.0012132,              0.0012132,              0.0012132
                     58,                 0.5597,                0.87147,                0.65262,                   1.01,                0.82036,                0.62289,                0.64536,                0.44132,                0.83761,                0.65909,                0.65418,                0.43996,                 1.2156,                 3.1807,                 1.5508,                 1.7725,              0.0012049,              0.0012049,              0.0012049
                     59,                0.60159,                0.82968,                0.71288,                  1.014,                0.89647,                0.59038,                0.63546,                0.38958,                0.89078,                0.56818,                 0.6288,                 0.4134,                 1.3222,                 3.9284,                 1.6103,                  1.934,              0.0011967,              0.0011967,              0.0011967
                     60,                0.58787,                0.86294,                0.64856,                 1.0281,                0.83328,                0.56818,                0.60229,                0.37965,                0.79979,                0.54545,                0.57679,                0.39213,                 1.2828,                 5.6258,                 1.7468,                 1.8617,              0.0011884,              0.0011884,              0.0011884
                     61,                0.60396,                0.87132,                0.68009,                 1.0272,                0.87702,                0.52273,                0.58174,                0.37481,                0.70779,                    0.5,                0.53317,                0.34864,                 1.2724,                  6.155,                  1.864,                 1.8715,              0.0011802,              0.0011802,              0.0011802
                     62,                0.58383,                0.80283,                0.62314,                0.99064,                0.83092,                0.47727,                0.54174,                0.33349,                 0.5612,                    0.5,                0.44025,                0.24918,                 1.3865,                 7.1257,                 2.0596,                 2.0448,              0.0011719,              0.0011719,              0.0011719
                     63,                0.58552,                0.90672,                0.64861,                 1.0172,                0.86049,                0.56089,                 0.6266,                0.43697,                0.70865,                0.59091,                0.57261,                 0.3498,                 1.2416,                 5.7562,                  1.722,                  1.733,              0.0011636,              0.0011636,              0.0011636
                     64,                0.63012,                 1.0051,                0.67211,                 1.0619,                0.74719,                0.56818,                0.56004,                0.38089,                 0.6571,                0.47914,                0.49591,                0.28043,                 1.4178,                 5.0982,                 1.8894,                 1.8849,              0.0011554,              0.0011554,              0.0011554
                     65,                0.58578,                 0.8199,                0.65127,                 1.0228,                0.74783,                0.53933,                0.52392,                0.33651,                0.60691,                0.43182,                0.44062,                0.23753,                 1.5607,                 6.0809,                 1.9894,                 2.0522,              0.0011471,              0.0011471,              0.0011471
                     66,                0.60005,                0.89783,                 0.6338,                 1.0036,                0.83124,                0.55991,                0.57352,                0.39266,                0.77122,                0.43182,                  0.477,                0.30168,                 1.4333,                 6.1135,                 1.8287,                 1.9275,              0.0011389,              0.0011389,              0.0011389
                     67,                0.61093,                0.90173,                0.67217,                 1.0152,                0.86556,                0.58544,                0.61962,                0.42558,                0.86556,                0.58544,                0.60621,                0.43649,                 1.3238,                 2.7609,                 1.5257,                 1.6963,              0.0011306,              0.0011306,              0.0011306
                     68,                 0.5396,                0.82962,                0.58239,                0.97454,                0.74206,                 0.5885,                0.60817,                0.39991,                0.74206,                 0.5885,                0.59501,                0.44139,                 1.1631,                 2.2453,                 1.5633,                 1.5213,              0.0011224,              0.0011224,              0.0011224
                     69,                0.57133,                 0.8153,                0.61438,                  1.015,                0.73552,                0.56885,                0.59525,                0.38418,                0.73552,                0.56885,                0.58382,                0.43871,                 1.1421,                 2.1764,                 1.6188,                 1.5151,              0.0011141,              0.0011141,              0.0011141
                     70,                 0.5962,                0.88542,                0.62962,                 1.0055,                0.71543,                0.56818,                0.63602,                0.40507,                0.68304,                0.54545,                0.59515,                0.45333,                 1.1417,                 2.1822,                 1.5414,                 1.5351,              0.0011059,              0.0011059,              0.0011059
                     71,                0.49611,                0.73945,                0.56367,                0.94934,                0.85875,                0.59091,                0.64922,                0.47299,                0.85875,                0.59091,                0.63072,                  0.486,                 1.0625,                 2.2239,                 1.4682,                 1.4426,              0.0010976,              0.0010976,              0.0010976
                     72,                  0.539,                0.77622,                0.57141,                 1.0114,                0.90799,                0.54545,                0.64908,                 0.4797,                0.90799,                0.54545,                0.63292,                0.47422,                 1.0674,                 2.3215,                 1.4688,                 1.4883,              0.0010894,              0.0010894,              0.0010894
                     73,                0.50886,                 0.7964,                0.54796,                0.97108,                0.79731,                0.62597,                0.65604,                0.48199,                0.79731,                0.62597,                0.63697,                0.47503,                 1.0883,                 2.4192,                 1.4679,                 1.5033,              0.0010811,              0.0010811,              0.0010811
                     74,                0.55524,                0.79588,                0.59815,                 1.0038,                0.87106,                0.63636,                 0.6555,                0.47694,                0.87106,                0.63636,                0.65651,                 0.4641,                 1.0461,                 2.5891,                 1.4619,                 1.4967,              0.0010729,              0.0010729,              0.0010729
                     75,                0.56652,                 0.8814,                0.59779,                 0.9749,                0.97038,                0.61364,                0.65907,                0.45538,                0.97038,                0.61364,                0.66217,                0.45601,                 1.1259,                 2.6919,                 1.4405,                 1.6334,              0.0010646,              0.0010646,              0.0010646
                     76,                0.55506,                 0.7789,                0.56894,                0.97919,                0.89925,                0.60869,                0.67612,                0.47604,                0.89925,                0.60869,                0.65637,                0.46958,                 1.0837,                 2.6709,                 1.3792,                 1.6006,              0.0010564,              0.0010564,              0.0010564
                     77,                  0.533,                0.90111,                0.58012,                0.99258,                0.91859,                0.59091,                0.66029,                0.45144,                0.95428,                0.61364,                0.66964,                0.47016,                  1.112,                 2.6606,                 1.4559,                 1.6018,              0.0010481,              0.0010481,              0.0010481
                     78,                0.56712,                0.86151,                 0.5872,                 1.0195,                0.96522,                 0.6309,                0.64784,                0.43474,                0.96522,                 0.6309,                0.65195,                0.47949,                  1.208,                 2.7136,                 1.4916,                  1.656,              0.0010399,              0.0010399,              0.0010399
                     79,                0.53944,                0.89263,                0.57377,                0.98078,                0.80241,                0.59091,                0.59107,                0.42844,                0.93082,                0.61168,                0.67026,                0.47085,                 1.1651,                 2.5289,                 1.5513,                 1.5884,              0.0010316,              0.0010316,              0.0010316
                     80,                0.51506,                0.71765,                0.57278,                0.98247,                0.85566,                0.56818,                0.60281,                0.42524,                0.92464,                0.61364,                0.67647,                0.46052,                 1.2033,                 2.5106,                 1.4022,                 1.6605,              0.0010234,              0.0010234,              0.0010234
                     81,                0.53537,                0.85338,                0.56727,                0.95907,                0.89416,                0.61364,                0.64522,                0.43295,                0.90223,                0.62933,                0.67562,                0.46837,                 1.1884,                 2.5111,                 1.3939,                 1.6547,              0.0010151,              0.0010151,              0.0010151
                     82,                0.53566,                 0.8476,                0.52976,                0.99593,                0.84137,                0.59091,                0.62808,                0.39363,                0.87494,                0.61364,                0.66181,                0.43381,                 1.3121,                 2.5551,                 1.4465,                 1.7993,              0.0010069,              0.0010069,              0.0010069
                     83,                 0.5064,                0.80021,                0.53323,                0.97306,                0.85485,                0.56818,                0.59427,                  0.362,                0.88928,                0.59091,                0.58642,                0.35983,                 1.4534,                 3.0394,                  1.776,                 1.9539,             0.00099862,             0.00099862,             0.00099862
                     84,                0.55954,                0.74699,                0.60036,                 1.0176,                0.83832,                0.59091,                0.60989,                0.35967,                0.88989,                0.56818,                0.60283,                0.36053,                  1.429,                  2.726,                  1.798,                 1.9863,             0.00099036,             0.00099036,             0.00099036
                     85,                0.51161,                 0.7622,                0.54037,                0.97638,                0.89615,                0.61364,                0.62931,                0.37266,                0.89615,                0.61364,                0.63856,                0.39236,                 1.4333,                 2.4427,                 1.5993,                 2.0256,             0.00098211,             0.00098211,             0.00098211
                     86,                0.56459,                0.80692,                0.55319,                0.98364,                0.73492,                0.63022,                0.65325,                0.41552,                0.77288,                0.59091,                 0.6197,                0.44594,                 1.3005,                  2.052,                 1.4448,                 1.7851,             0.00097386,             0.00097386,             0.00097386
                     87,                0.53345,                0.84974,                0.57352,                0.98115,                0.71316,                0.54545,                0.60208,                0.40294,                 0.6734,                0.54545,                  0.593,                0.42872,                 1.2114,                 2.0003,                 1.5619,                 1.6559,             0.00096561,             0.00096561,             0.00096561
                     88,                0.53089,                 0.7599,                  0.533,                0.98237,                0.78407,                0.59091,                0.62791,                0.43988,                0.81473,                0.61364,                0.65643,                0.46299,                 1.1226,                 2.0066,                 1.3807,                 1.6455,             0.00095736,             0.00095736,             0.00095736
                     89,                0.51056,                0.72609,                0.52853,                0.95725,                0.87325,                0.59091,                0.65471,                0.46842,                 0.9086,                0.61364,                0.67741,                0.49023,                 1.0651,                 1.9747,                 1.3121,                 1.6171,             0.00094911,             0.00094911,             0.00094911
                     90,                0.51947,                0.80926,                0.53538,                0.96362,                0.94381,                0.63636,                0.69544,                0.49969,                0.96578,                0.65909,                0.69665,                0.50827,                 1.0515,                 2.0348,                 1.1616,                 1.6111,             0.00094085,             0.00094085,             0.00094085
                     91,                0.51032,                0.75418,                0.53492,                0.98143,                0.93088,                0.61219,                0.67207,                0.51187,                0.96549,                0.63579,                0.70325,                0.52055,                 1.0142,                 2.0645,                 1.1823,                 1.5758,              0.0009326,              0.0009326,              0.0009326
                     92,                0.49632,                0.68475,                0.53252,                0.96526,                0.96428,                0.61358,                0.68615,                0.51153,                0.98433,                0.54545,                0.65461,                0.50738,                 1.0375,                 2.1788,                 1.2413,                 1.5906,             0.00092435,             0.00092435,             0.00092435
                     93,                0.47601,                0.70508,                0.53537,                0.96225,                0.96413,                0.61094,                0.68225,                0.51538,                0.89264,                0.56692,                0.65208,                0.49626,                 1.0522,                 2.2435,                 1.2784,                  1.644,              0.0009161,              0.0009161,              0.0009161
                     94,                0.49841,                0.68878,                0.53729,                0.93876,                0.82002,                0.63636,                0.61674,                0.46706,                0.78931,                0.61364,                0.59196,                0.46477,                 1.0409,                 2.3003,                 1.2723,                 1.7291,             0.00090785,             0.00090785,             0.00090785
                     95,                0.48736,                0.74911,                0.52682,                0.95957,                0.86193,                0.61364,                0.60474,                  0.435,                0.86193,                0.61364,                0.60254,                0.43305,                 1.0678,                 2.2692,                 1.4011,                 1.7318,              0.0008996,              0.0008996,              0.0008996
                     96,                0.49475,                0.70487,                0.55289,                0.95883,                0.82312,                0.63462,                0.64186,                0.47987,                0.87971,                0.59091,                0.62196,                0.46563,                0.99695,                 2.2158,                 1.3819,                 1.5976,             0.00089134,             0.00089134,             0.00089134
                     97,                 0.5006,                0.71565,                0.52434,                0.99027,                 0.8436,                0.61364,                0.65414,                0.50203,                      1,                0.62666,                0.65947,                0.47711,                0.97046,                 2.2349,                 1.3494,                 1.5552,             0.00088309,             0.00088309,             0.00088309
                     98,                0.48645,                0.75514,                0.52483,                0.94688,                0.92082,                0.65909,                0.66197,                0.49009,                0.89534,                0.63636,                0.66111,                0.49763,                 1.0727,                 2.2399,                 1.3632,                 1.5818,             0.00087484,             0.00087484,             0.00087484
                     99,                0.50075,                0.75027,                0.49357,                0.94997,                0.86536,                0.63636,                0.66548,                0.49744,                0.86536,                0.63636,                0.64171,                0.46913,                 1.0281,                 2.2028,                 1.3571,                 1.5373,             0.00086659,             0.00086659,             0.00086659
                    100,                0.45436,                0.70719,                0.47258,                0.96218,                0.93917,                0.63636,                0.67548,                0.45684,                0.93917,                0.63636,                0.65881,                0.45788,                 1.0857,                 2.1359,                 1.4386,                 1.5671,             0.00085834,             0.00085834,             0.00085834
                    101,                0.49319,                0.70316,                0.50393,                 0.9741,                0.92408,                0.65909,                0.69092,                  0.466,                0.95642,                0.63636,                0.67142,                0.46567,                 1.1163,                 2.0627,                 1.4789,                 1.5892,             0.00085009,             0.00085009,             0.00085009
                    102,                0.50568,                0.72824,                0.53186,                0.98679,                0.76272,                0.65754,                 0.6954,                0.46705,                0.76272,                0.65754,                0.67984,                0.46196,                 1.0857,                 2.0364,                 1.4612,                 1.5233,             0.00084184,             0.00084184,             0.00084184
                    103,                0.46741,                0.63657,                0.47698,                0.93765,                0.88027,                0.66852,                0.71372,                0.50198,                0.92368,                0.61364,                0.70089,                0.51335,                 1.1661,                 2.0395,                  1.392,                 1.6064,             0.00083358,             0.00083358,             0.00083358
                    104,                0.46882,                0.68402,                0.49211,                0.96603,                0.98623,                0.63636,                0.71177,                0.50315,                0.98623,                0.63636,                0.70239,                0.51073,                  1.088,                 2.1933,                 1.2058,                 1.6286,             0.00082533,             0.00082533,             0.00082533
                    105,                0.48798,                0.74287,                0.49258,                0.96491,                0.94919,                0.63636,                0.69752,                0.49162,                0.94919,                0.63636,                0.68296,                0.49449,                 1.0074,                 2.2863,                 1.1772,                 1.5891,             0.00081708,             0.00081708,             0.00081708
                    106,                0.49882,                0.66247,                0.49919,                0.96876,                0.82355,                0.61364,                0.63676,                0.45687,                0.85447,                0.63636,                0.65752,                0.46947,                 1.0431,                 2.3434,                 1.3254,                 1.7229,             0.00080883,             0.00080883,             0.00080883
                    107,                0.45291,                0.68556,                0.46761,                0.93672,                0.74225,                0.65458,                0.61153,                0.43103,                0.93521,                0.61364,                0.65393,                0.43489,                 1.0488,                 2.4175,                 1.4699,                 1.6972,             0.00080058,             0.00080058,             0.00080058
                    108,                0.46804,                0.72387,                0.50936,                0.94771,                0.89051,                0.63636,                0.65676,                 0.4814,                0.89051,                0.63636,                0.64592,                0.45463,                 1.0376,                 2.3913,                  1.471,                 1.5844,             0.00079233,             0.00079233,             0.00079233
                    109,                0.44756,                0.65534,                0.46183,                0.94151,                0.90552,                 0.6536,                0.65992,                0.49468,                0.90552,                 0.6536,                0.64768,                0.47007,                  1.032,                 2.4423,                 1.4393,                 1.5701,             0.00078407,             0.00078407,             0.00078407
                    110,                0.46132,                0.70131,                0.50995,                0.95404,                 0.8482,                0.65909,                0.67808,                0.50913,                0.95394,                0.63636,                0.66731,                0.48378,                 1.0643,                 2.7446,                 1.4621,                 1.5704,             0.00077582,             0.00077582,             0.00077582
                    111,                 0.4508,                0.64639,                0.48247,                0.93576,                0.93544,                0.65859,                0.67098,                0.50708,                0.93544,                0.65859,                0.67098,                 0.4834,                 1.0607,                 3.0968,                 1.3905,                 1.5866,             0.00076757,             0.00076757,             0.00076757
                    112,                0.46748,                0.74191,                0.51133,                0.95437,                 0.9555,                0.65909,                0.68883,                0.49864,                 0.9555,                0.65909,                0.68883,                0.48387,                 1.0634,                 2.9373,                 1.3512,                 1.6074,             0.00075932,             0.00075932,             0.00075932
                    113,                0.44585,                0.62953,                0.50491,                0.95254,                0.92342,                0.65909,                0.69599,                0.49678,                0.92342,                0.65909,                0.69484,                0.47645,                 1.0285,                 2.9022,                 1.2815,                  1.571,             0.00075107,             0.00075107,             0.00075107
                    114,                0.44759,                0.68977,                0.46087,                0.95672,                 0.9263,                0.61364,                0.67523,                0.51103,                 0.9957,                0.65909,                0.71061,                0.48485,                 1.0192,                 2.6907,                  1.196,                 1.5964,             0.00074282,             0.00074282,             0.00074282
                    115,                0.43298,                0.67517,                0.46261,                0.95416,                 0.8948,                0.63636,                0.69615,                0.51049,                0.95932,                0.68182,                0.71455,                0.49503,                 1.0102,                 2.4763,                 1.2314,                 1.6293,             0.00073456,             0.00073456,             0.00073456
                    116,                0.45436,                0.69362,                0.46512,                0.94146,                0.82553,                0.68182,                0.68199,                0.48021,                0.99521,                0.65909,                0.72356,                0.49737,                 1.0237,                 2.3161,                 1.2215,                 1.6723,             0.00072631,             0.00072631,             0.00072631
                    117,                0.44964,                0.72465,                0.46586,                0.94572,                0.93724,                0.67885,                0.69022,                0.48041,                0.93724,                0.67885,                0.72991,                0.49455,                 1.0121,                 2.3048,                 1.1903,                 1.6488,             0.00071806,             0.00071806,             0.00071806
                    118,                0.44747,                0.72323,                0.48411,                0.94877,                 0.8767,                0.68182,                0.67895,                0.48171,                      1,                0.64864,                0.71674,                0.50163,                 1.0356,                 2.3555,                 1.1557,                  1.674,             0.00070981,             0.00070981,             0.00070981
                    119,                0.46533,                0.70805,                0.45117,                0.94302,                0.88224,                0.68109,                0.67394,                0.48555,                0.88224,                0.68109,                0.69527,                0.48773,                 1.0624,                 2.3426,                 1.1834,                 1.6956,             0.00070156,             0.00070156,             0.00070156
                    120,                 0.4819,                0.73595,                0.49366,                 0.9614,                0.86138,                0.65909,                0.66296,                0.46072,                0.86138,                0.65909,                0.68809,                0.48767,                  1.092,                 2.3239,                 1.2748,                 1.6909,             0.00069331,             0.00069331,             0.00069331
                    121,                0.42981,                0.68846,                0.47559,                0.94842,                0.82411,                0.68182,                0.65353,                0.46117,                      1,                0.60488,                0.68429,                0.48047,                 1.0762,                 2.3549,                 1.2863,                 1.6858,             0.00068505,             0.00068505,             0.00068505
                    122,                0.42476,                0.60906,                0.45527,                 0.9463,                0.86537,                0.65909,                0.64793,                 0.4567,                0.86537,                0.65909,                0.66464,                0.47166,                 1.1089,                 2.4003,                 1.3918,                 1.7416,              0.0006768,              0.0006768,              0.0006768
                    123,                0.44906,                  0.672,                0.46566,                0.94794,                0.78014,                0.61364,                0.62082,                0.45561,                0.94048,                0.59091,                0.65449,                0.48026,                 1.0455,                 2.4943,                 1.4852,                 1.7362,             0.00066855,             0.00066855,             0.00066855
                    124,                0.40041,                0.71704,                0.41519,                0.91201,                0.73429,                0.63636,                0.60455,                0.44226,                0.88979,                0.56818,                  0.639,                0.47404,                  1.006,                 2.5267,                 1.4285,                 1.6648,              0.0006603,              0.0006603,              0.0006603
                    125,                0.43315,                0.66106,                0.45054,                 0.9365,                0.92721,                 0.5792,                0.64796,                0.45629,                0.92721,                 0.5792,                0.64769,                0.48174,                 1.0419,                 2.5641,                 1.3569,                 1.6774,             0.00065205,             0.00065205,             0.00065205
                    126,                0.41571,                0.69303,                0.43695,                0.92224,                0.89754,                0.63636,                0.65212,                0.48481,                0.98226,                0.61364,                0.67556,                0.50842,                 1.0365,                 2.7224,                 1.2904,                 1.6048,              0.0006438,              0.0006438,              0.0006438
                    127,                0.46004,                0.67024,                 0.4524,                0.96301,                0.87368,                0.65909,                0.65618,                0.49748,                0.99402,                0.61364,                0.67659,                0.50689,                0.99841,                 2.6559,                 1.2196,                  1.599,             0.00063554,             0.00063554,             0.00063554
                    128,                0.41375,                0.61527,                0.43215,                0.94043,                 0.9236,                0.63636,                0.66616,                0.50957,                0.92987,                0.63636,                0.67289,                0.51568,                0.94746,                    2.5,                  1.187,                 1.5944,             0.00062729,             0.00062729,             0.00062729
                    129,                0.40555,                0.67438,                0.42263,                0.92554,                0.97044,                0.63636,                 0.6715,                0.51824,                0.97044,                0.63636,                  0.676,                0.51565,                0.96587,                 2.4552,                  1.208,                 1.6086,             0.00061904,             0.00061904,             0.00061904
                    130,                0.42534,                0.63075,                0.45065,                0.92626,                0.98898,                0.63636,                0.67894,                0.50794,                0.98898,                0.63636,                0.68596,                0.50278,                0.97374,                 2.4459,                  1.255,                  1.594,             0.00061079,             0.00061079,             0.00061079
                    131,                0.39864,                0.62332,                0.42845,                0.94103,                0.96566,                0.65909,                0.68438,                0.50567,                0.96566,                0.65909,                0.68237,                0.50297,                0.97107,                 2.5974,                 1.2936,                 1.5658,             0.00060254,             0.00060254,             0.00060254
                    132,                0.40109,                0.64098,                0.40889,                0.91881,                0.92799,                0.63636,                 0.6856,                0.52124,                0.92799,                0.63636,                 0.6856,                0.49573,                0.96619,                 2.8057,                 1.1942,                 1.5871,             0.00059429,             0.00059429,             0.00059429
                    133,                0.43591,                 0.6472,                0.45216,                0.93228,                0.99176,                0.63636,                0.68288,                0.51518,                0.99176,                0.63636,                0.68288,                0.48588,                0.98194,                 2.8077,                 1.1717,                 1.6118,             0.00058603,             0.00058603,             0.00058603
                    134,                 0.4347,                0.60136,                0.43053,                0.95135,                0.93129,                0.65909,                0.66985,                0.51602,                0.93129,                0.65909,                0.67672,                0.49086,                  0.963,                 2.7609,                 1.2324,                 1.6234,             0.00057778,             0.00057778,             0.00057778
                    135,                0.41105,                0.62411,                0.45136,                 0.9282,                0.94168,                0.61364,                0.66572,                0.50491,                0.98424,                0.63636,                0.67015,                0.49125,                0.95903,                 2.9693,                 1.3085,                 1.5892,             0.00056953,             0.00056953,             0.00056953
                    136,                0.42656,                0.68894,                0.43881,                0.94754,                0.86763,                0.54545,                0.64513,                0.48655,                0.92724,                0.56818,                0.63669,                0.47639,                0.93782,                 2.8393,                 1.3129,                 1.5556,             0.00056128,             0.00056128,             0.00056128
                    137,                0.39222,                0.60883,                0.40736,                0.94156,                0.90074,                0.54545,                0.64953,                0.47971,                0.93982,                0.56818,                0.64168,                0.48142,                0.93418,                 2.7534,                 1.3566,                 1.5448,             0.00055303,             0.00055303,             0.00055303
                    138,                0.43943,                0.59383,                0.44628,                0.94668,                 0.7862,                0.59091,                0.63935,                0.48449,                0.71403,                0.54545,                0.59876,                0.47797,                0.88997,                 2.5862,                 1.3622,                 1.5219,             0.00054478,             0.00054478,             0.00054478
                    139,                0.42525,                0.65653,                0.41203,                0.94682,                0.78739,                0.58922,                0.62342,                0.50125,                0.72262,                0.56818,                0.60063,                0.48416,                0.88166,                 2.5178,                 1.2871,                 1.5016,             0.00053652,             0.00053652,             0.00053652
                    140,                0.38045,                0.56963,                0.39597,                0.91774,                  0.783,                0.65612,                0.65538,                0.53052,                0.81004,                0.67849,                0.68221,                0.50221,                0.84602,                 2.3662,                 1.2725,                  1.438,             0.00052827,             0.00052827,             0.00052827
                    141,                0.39639,                0.65186,                0.39895,                0.90606,                0.84361,                  0.613,                0.65565,                0.51588,                0.90606,                0.65767,                0.68199,                0.49564,                0.88597,                 2.3491,                 1.2629,                 1.4696,             0.00052002,             0.00052002,             0.00052002
